cluster_id,dim_0,dim_1,dim_2,dim_3,dim_4,dim_5,dim_6,dim_7,dim_8,dim_9,dim_10,dim_11,dim_12,dim_13,dim_14,dim_15,dim_16,dim_17,dim_18,dim_19,dim_20,dim_21,dim_22,dim_23,dim_24,dim_25,dim_26,dim_27,dim_28,dim_29,dim_30,dim_31,dim_32,dim_33,dim_34,dim_35,dim_36,dim_37,dim_38,dim_39,dim_40,dim_41,dim_42,dim_43,dim_44,dim_45,dim_46,dim_47,dim_48,dim_49,dim_50,dim_51,dim_52,dim_53,dim_54,dim_55,dim_56,dim_57,dim_58,dim_59,dim_60,dim_61,dim_62,dim_63,dim_64,dim_65,dim_66,dim_67,dim_68,dim_69,dim_70,dim_71,dim_72,dim_73,dim_74,dim_75,dim_76,dim_77,dim_78,dim_79,dim_80,dim_81,dim_82,dim_83,dim_84,dim_85,dim_86,dim_87,dim_88,dim_89,dim_90,dim_91,dim_92,dim_93,dim_94,dim_95,dim_96,dim_97,dim_98,dim_99,dim_100,dim_101,dim_102,dim_103,dim_104,dim_105,dim_106,dim_107,dim_108,dim_109,dim_110,dim_111,dim_112,dim_113,dim_114,dim_115,dim_116,dim_117,dim_118,dim_119,dim_120,dim_121,dim_122,dim_123,dim_124,dim_125,dim_126,dim_127,dim_128,dim_129,dim_130,dim_131,dim_132,dim_133,dim_134,dim_135,dim_136,dim_137,dim_138,dim_139,dim_140,dim_141,dim_142,dim_143,dim_144,dim_145,dim_146,dim_147,dim_148,dim_149,dim_150,dim_151,dim_152,dim_153,dim_154,dim_155,dim_156,dim_157,dim_158,dim_159,dim_160,dim_161,dim_162,dim_163,dim_164,dim_165,dim_166,dim_167,dim_168,dim_169,dim_170,dim_171,dim_172,dim_173,dim_174,dim_175,dim_176,dim_177,dim_178,dim_179,dim_180,dim_181,dim_182,dim_183,dim_184
0,-1.0000000000000002,-1.0,-0.9999999999999997,-1.0000000000000002,-1.0000000000000007,-0.9999999999999996,-0.9999999999999993,-1.0000000000000004,-1.0000000000000004,-0.9999999999999993,-1.0,-0.9999999999999996,-1.0,-1.0000000000000004,-0.959294276651228,-0.9592855383122787,-0.9531707316637021,-0.9560732922310451,-0.9500137001252832,-0.9519811873628485,-0.9555680577158541,-0.9589041095890424,-0.9589165638473012,-0.9432920398591113,-0.9519786073192298,-0.9827719705768485,-0.9999999999999996,-0.9999999999999996,-0.9999999999999991,-1.0000000000000007,-1.0000000000000009,-1.0000000000000009,-0.9999999999999993,-1.000000000000001,-1.0,-0.9999999999999993,-1.0000000000000013,-0.9999999999999993,-1.0000000000000007,-1.000000000000001,-1.0000000000000007,-1.0000000000000002,-0.9999999999999991,-0.9999999999999996,-1.0000000000000009,-0.9999999999999994,-0.9999999999999998,-1.0000000000000009,-1.0,-1.0000000000000009,-1.0000000000000009,-0.9999999999999989,-1.0000000000000007,-1.0000000000000007,-0.9999999999999991,-1.0000000000000004,-0.9999999999999992,-0.9999999999999993,-1.0000000000000007,-1.0000000000000009,-1.000000000000001,-1.0000000000000009,-0.9999999999999998,-1.000000000000001,-0.9999999999999999,-0.9999999999999998,-1.0000000000000009,-1.0000000000000013,-1.0000000000000009,-0.9999999999999993,-1.0000000000000009,-0.9999999999999993,-1.0000000000000004,-1.0000000000000013,-0.9999999999999998,-1.0000000000000009,-1.000000000000001,-1.0000000000000004,-1.0000000000000004,-0.9999999999999991,-0.9999999999999993,-0.9999999999999992,-1.0000000000000007,-0.9999999999999998,-1.0000000000000009,-0.9999999999999998,-1.0000000000000004,-1.0000000000000004,-1.0000000000000009,-0.9999999999999993,-1.0000000000000016,-0.9999999999999993,-1.0000000000000007,-1.0,-0.9999999999999989,-0.9999999999999991,-1.0000000000000009,-0.9999999999999994,-0.9999999999999994,-0.9999999999999998,-1.0000000000000013,-0.9999999999999982,-0.9999999999999997,-1.0000000000000002,-0.9999999999999993,-0.9999999999999991,-1.0000000000000004,-0.9999999999999991,-1.0000000000000002,-1.0000000000000007,-1.0000000000000009,-1.0000000000000004,-1.0000000000000004,-1.0000000000000002,-0.9999999999999997,-0.9999999999999992,-0.9999999999999993,-1.0000000000000004,-0.9999999999999993,-0.9999999999999999,-0.9999999999999993,-0.9999999999999993,-0.9999999999999996,-1.0,-1.0000000000000004,-0.9999999999999999,-1.0000000000000009,-0.9999999999999997,-1.0000000000000002,-1.0000000000000007,-1.0000000000000004,-1.0,-0.9999999999999998,-0.9999999999999996,-1.0000000000000002,-1.0,-1.0,-1.0,-0.9999999999999998,-1.0,-0.9999999999999999,-1.0000000000000002,-0.9999999999999999,-1.0,-1.0000000000000004,-1.0000000000000004,-1.0000000000000004,-1.0000000000000004,-1.0000000000000004,-0.9999999999999996,-1.0000000000000002,-1.0,-0.9999999999999997,-0.9999999999999993,-1.0000000000000002,-1.000000000000001,-1.0,-0.9999999999999994,-1.0000000000000004,-0.9999999999999999,-0.9999999999999998,-0.9999999999999998,-0.9999999999999997,-0.9999999999999997,-0.9999999999999998,-0.9999999999999992,-0.9999999999999996,-0.9999999999999997,-1.0000000000000009,-1.0000000000000009,-1.0000000000000013,-1.0,-1.0,-1.0,-1.0,-1.0,-1.0,-1.0,-1.0,0.20674750352527527,0.11286465805834536,0.31519227438102315,0.4552845528455274,0.10569105691056918,0.4390243902439024
1,-1.0,-1.0,-1.0,-1.0,-0.9999999999999999,-1.0,-1.0,-0.9999999999999999,-1.0,-1.0,-1.0,-1.0,-1.0,-1.0,0.00013652523616264345,0.0041322313228586705,0.4154545480216089,0.05834463767675818,0.6215267996341344,0.0011507479861909697,0.0002713704206240841,0.005603985056039873,0.0010945305004662065,0.6259049530054589,0.0012711426504529721,-0.9083946608920805,0.43045454794033017,-0.044657096108203564,0.06944443989758353,0.10353534851812785,1.4838081874302134e-09,6.532411278570294e-10,5.257950741466288e-10,8.104200643899162e-10,-0.5908527203929864,-0.5908889409998217,2.3253475595841344e-05,-0.5908516969991513,-0.5908821135108078,2.2916460950761497e-05,1.1248180757483794e-05,0.0030509329665482365,0.000975907911170748,0.09093778819132425,2.6255078460657444e-05,1.3417778113700152e-05,1.6609912474763178e-05,6.397884559694589e-06,4.4219275324608454e-05,1.4220685732535543e-05,5.1182905161595293e-05,1.4754979323350348e-05,0.0014336095038111063,0.00011552937156733556,0.04772727242247604,0.1271186440677966,0.0002172260236774637,0.0023023851148851193,0.07613636424296832,1.5050487988998995e-05,8.156362447553356e-06,0.09092058323497204,1.1487250817232564e-05,6.134673967816973e-06,-0.9090909090909091,0.15633161377541627,0.009113751201489717,0.0894660890842513,0.0709090906788003,4.789975445529393e-05,1.4171144052443907e-05,5.257950741466288e-10,8.039958698802252e-10,0.5013636401431129,-1.0,-0.9999999999999999,-1.0,-1.0,-0.9999999999999999,-1.0,-1.0,-1.0000000000000002,-1.0,-1.0,-0.9999999999999999,-1.0,-0.9999999999999999,-1.0,-1.0,-1.0,-0.9999999999999999,-1.0,-1.0,-1.0,-1.0,-1.0,-0.9999999999999999,-1.0,-0.004070558012483572,0.016098486612353413,0.6506095893125997,0.04912763816606924,0.14636363664811314,-0.0015151539610491205,0.15432284319558348,0.9029003720862864,0.41556644725361164,0.03483941321545653,0.05725108788528649,0.013610683996996498,-0.04505437806470769,-1.0,-1.0,-1.0,-1.0,-1.0,-1.0,-1.0,-1.0,-1.0,-1.0,-1.0,-1.0,-1.0,-1.0,-0.7271110571041373,-0.7272706625894407,-0.5079885039630772,-0.5332355809883463,-0.6313479623824452,-0.6305454549464313,-0.7016828339559025,-1.0,-1.0,-1.0,-1.0000000000000002,-1.0,-1.0,-1.0,-1.0,-1.0,-1.0,-1.0,-1.0,-1.0,-1.0,-1.0,-1.0,-1.0,-1.0,-1.0,-1.0,-1.0,-1.0,-1.0,-1.0,-1.0,-1.0,-1.0,-1.0,-1.0,-1.0,-1.0,-1.0,-1.0,-1.0,-1.0,-0.613636363459977,-0.5845665993952234,-0.46678321207400086,-0.5842572056795798,-1.0,-1.0,-1.0,-1.0,-1.0,-1.0,-1.0,-1.0,0.11539445082229469,-1.3877787807814457e-17,2.5315942968340277e-06,0.31818181818181823,0.31818181818181823,0.36363636363636365
2,0.3877459753582295,0.10817307737082826,0.2937447118039712,0.18934911761889006,0.5201252264265099,0.15158370668889043,0.5708255327814226,0.18729097270297757,0.5538461400912364,0.13100961080216167,0.2751131199746494,0.05929487269037437,0.2958916096997082,0.054945055432403356,0.026468536193408887,-0.07692307692307682,0.2738461568951605,0.16590125817634904,0.0023228556113071286,0.16005865581398065,0.11202379709842397,0.008429926238145535,0.0002524973416317411,0.003907005450415502,0.16013933016585535,-0.9230769230769231,0.7507692314684387,0.13765182051289293,0.11431623410905833,0.17806266806842863,0.050584550137255824,0.060273030547779216,0.008114265576854907,0.005968743575073376,0.022068645621524108,0.027529145455604365,0.07766836599352789,-0.03580081079806807,-0.035481259671070076,0.06055711546630049,0.04642218290933342,0.15407782679397153,0.04624486731939026,1.2307700853538088,0.060535430762078235,0.045779612682184445,0.06158764961977947,0.03313504973242665,0.06055740820644029,0.06786859403062151,0.06051343498142192,0.06772400669644174,0.0016229357130503885,0.0003114593339857974,0.07192307703483553,0.12255541069100395,0.0021137763073245663,0.3618580938292478,0.17035067883400234,0.062108215868163175,0.0336277055829699,1.230769674193814,0.03972035752173919,0.023452862817630815,-0.9057971060718057,0.5922328220264678,0.1916119088236805,0.35470085957794767,0.20307691968404312,0.060517103762065316,0.06774187574855561,0.008114265576854907,0.005790080735953884,0.1003846146452887,0.0025152370146497294,0.557525460974588,0.3986768623671334,0.023846153313150875,0.056818181181709004,0.09846393599756442,0.10791607853047902,0.25902669104734843,0.15635451307972303,0.0025152370146497294,0.0012796246837422087,0.15384615300781113,0.003645103670740668,0.0026449749284772617,0.0013087023256462826,0.0018543696523205533,0.5457971610600845,0.3875815891903852,0.06671899449972607,0.3365384443746652,0.07615384602775943,0.3611110986404105,0.08000000050434719,0.048717949397203975,-0.15097589023828895,-0.13221153741678554,-0.0047095779463091625,-0.06857032032093863,-0.14999999987104765,-0.042307697322506,-0.05785776132972131,0.610147569098307,-0.012847113324607973,-0.036388756599992855,-0.160439559687582,-0.1488483257794656,-0.1922525702046563,0.5641025641025644,0.34615384615384615,0.49519230769230727,0.5000000000000003,0.6858974358974365,0.8076923076923079,0.7628205128205131,0.7435897435897435,0.7435897435897435,0.6987179487179488,0.25000000000000033,0.1314102564102565,0.2051282051282054,0.16346153846153866,0.06442974626384301,0.032396905957509325,0.2884953364683295,0.6567411113483381,0.0031830238726789917,0.4870769226780305,0.18061573662241281,-0.07692307692307665,-1.0,-1.0,-1.0,-1.0,-1.0,-1.0,-1.0,-1.0,-1.0,-1.0,-1.0,-1.0,-1.0,-1.0,-0.9999999999999999,-1.0,-1.0,-1.0,-1.0,-1.0,-1.0,-1.0,-1.0,-1.0,-1.0,-0.9999999999999999,-1.0,-1.0,-1.0,-1.0,-1.0,-1.0,-1.0,-1.0,-0.5336538456687824,-0.4928443665491957,-0.3979289890383527,-0.4878048769918638,-1.0,-1.0,-1.0,-1.0,-1.0,-1.0,-1.0,-1.0,0.011557973928325388,-1.3877787807814457e-17,0.00012081546936537624,0.2692307692307693,0.3846153846153847,0.34615384615384615
3,0.6477174911053831,0.4074074151684286,0.5710215696753232,0.4487179686792351,0.779931100816847,0.2352941164057729,0.6937669522629085,0.4380032290103162,0.7477124010677847,0.3483796150844526,0.5755991277458817,0.23765432472444226,0.5694444368598099,0.3174603265177759,0.0008831314898541387,-0.0598428731347308,0.7192592642925402,0.20176893026914056,0.0005054296226648658,0.0010864347254855855,0.0006834514297200389,0.022323693556570212,3.853628190947367e-05,0.0005576858112900096,0.001114339045373447,-0.6239271017031274,0.7029629702921261,-0.3060428784801363,0.24845677364326357,0.25925924469536754,1.547106419375055e-05,1.2534716302692317e-05,6.713752673803697e-07,5.088689213339492e-07,-0.11099987041156945,-0.11105289400596818,0.0007016165135932395,-0.11102249456441582,-0.11104899202868712,0.000114669582958693,4.901858573369555e-05,-0.03931602356054864,-0.0413438863499167,0.227423291810265,9.5493302639027e-05,3.95509252671955e-05,0.0015761754114574922,0.0007965729478927042,0.00012666185518106499,6.820505394233844e-05,8.892059603249347e-05,4.0857510827829735e-05,0.0014751192632688204,6.40791378462291e-05,0.14888888735462097,0.026365348399246646,0.0026549847338376287,0.0022003459503460165,0.0405555559009767,0.0015839798686885231,0.0008059921374744539,0.22742287639260267,0.00031766874215077845,0.0001500229117961105,-0.5984970672469594,0.19762811088093635,0.03145356557678691,0.21928277685283698,0.23777777411871476,9.097060896745557e-05,4.305780861291186e-05,6.713752673803697e-07,4.4343369964838786e-07,0.2744444429322527,0.0002317534216110806,0.21978326275319016,0.13332877156486178,0.11407407331797814,0.17171717272916875,5.7169602385442886e-11,5.32794919294588e-11,0.713529861653676,0.22785828939812425,0.0002317534216110806,0.00016897988019626276,0.173758865327863,0.0005248679618867769,-0.03670930421705443,0.00015251868475008035,-0.03652995759342592,0.20386798647358917,0.11932305594942993,0.23960695124352682,0.5771604570820795,0.2837037070205922,0.5596707655405642,0.3555555536791132,0.25925926447159975,0.16860143412923323,0.23996913997042513,0.30353093171813805,0.3019079644231763,0.13592592433646872,0.32962961882168895,0.07748118814019989,0.9935127206867732,0.15839352164659054,0.3530716381687321,0.055026456558244896,0.08621050586403928,3.6487583301547666e-05,0.4783950617283953,0.4185185185185184,0.4398148148148142,0.6342592592592594,0.8919753086419754,0.45679012345679015,0.5648148148148148,0.6790123456790124,0.697530864197531,0.648148148148148,0.4222222222222226,0.25308641975308666,0.22222222222222232,0.3580246913580246,0.03234463591312098,0.0003504725687025756,0.12543122809844126,0.46515332667489395,0.002213707960834088,0.6758518522536314,0.09206319251609008,0.0370370370370372,0.824961947793936,0.17829457327030696,0.338683126771428,0.3086419753086418,0.6311111141134194,0.32523148687108006,0.18423551062934462,-0.3024691345888114,-0.10390946968357673,-0.680216802488127,0.5866068087417503,-0.19005847893975603,0.374570443743936,-0.2654321041310763,0.7592592479960986,0.8008007964469189,0.27513227855815303,-0.37777778026130476,0.2843915307662046,-0.35612535220657604,0.33333332158001727,-0.3703703708631336,0.8157894901951929,0.2688172064642428,0.12734081964322652,0.3525377053632883,0.16609393013165163,0.7066666594258061,0.29544486629574473,0.7992592586411371,0.424315621806574,0.001019347149020966,0.08398539547718742,0.46555555142738236,0.20370370183530973,0.29198965574755287,0.650284922205577,0.3143631467504137,-1.0,-1.0,-1.0,-1.0,-1.0,-1.0,-1.0,-1.0,0.00010907840161880622,-1.3877787807814457e-17,1.1626581215062881e-05,0.5185185185185187,0.037037037037037146,0.4444444444444445
4,-1.0,-1.0,-1.0,-1.0,-1.0,-1.0,-1.0,-1.0,-1.0,-1.0,-1.0,-1.0,-1.0,-1.0,0.042855829869033746,-0.04999999999999988,0.2310000007972121,0.17089551709140904,2.2882706414650844e-05,0.46669445918290003,0.3978697421981004,0.04931506849315076,0.00037036119506522747,0.001421898277370881,0.4665024630541872,-0.95,-1.0,-1.0,-1.0,-1.0,-1.0000000000000002,-1.0000000000000002,-1.0,-0.9999999999999999,-1.0,-1.0,-1.0,-1.0,-1.0,-1.0,-1.0,-1.0,-1.0,-1.0,-1.0000000000000002,-1.0,-1.0,-1.0,-1.0,-1.0000000000000002,-1.0000000000000002,-1.0,-1.0,-1.0,-1.0,-1.0,-1.0,-1.0,-1.0,-1.0,-1.0,-1.0,-0.9999999999999999,-0.9999999999999999,-1.0,-1.0,-1.0,-1.0000000000000002,-1.0000000000000002,-1.0,-1.0000000000000002,-1.0,-1.0,-1.0,0.0007619762433102029,0.5248619691839856,0.45635020158571005,0.022999999485910028,0.08295454553151427,0.0037411451947874097,0.002814649378827916,0.2153061236204058,0.14021738825862384,0.0007619762433102029,1.1258274666858803e-05,0.15744680747138518,0.0007120803437274947,0.0004393425180967414,1.2115377042709596e-05,7.388846650124847e-05,0.5127621135658627,0.4443444959979099,0.06122448877964792,0.3583333179406417,0.10300000030547385,0.42499998344315487,0.005999999865889616,0.0022222222314204343,-0.67985074624791,-0.6635416662786155,-0.6253644325984609,-0.6338383862367698,-0.6670000007376075,-0.6616666687362724,-0.6372931837687268,-0.40194534751292427,-0.619571231970909,-0.6251496990099205,-0.6817857130452178,-0.6932203389036793,-0.6999848987469504,-1.0,-1.0,-1.0,-1.0,-1.0,-1.0,-1.0,-1.0,-1.0,-1.0,-1.0,-1.0,-1.0,-1.0,-0.44929846818933905,-0.44994174368392803,-0.2721441163508211,-0.03870967625641297,-0.4381609195402299,-0.2776000012457371,-0.37922445411934474,-0.5,-1.0,-1.0,-1.0,-1.0,-1.0,-1.0,-1.0,-1.0,-1.0,-1.0,-1.0,-1.0,-1.0,-1.0,-1.0,-1.0,-1.0,-1.0,-1.0,-1.0,-1.0,-1.0,-1.0,-1.0,-1.0,-1.0,-1.0,-1.0,-1.0,-1.0,-1.0,-1.0,-1.0,-1.0,-0.9416666664726412,-0.9476744186953154,-0.9192307687899066,-0.9439024388803428,-1.0,-1.0,-1.0,-1.0,-1.0,-1.0,-1.0,-1.0,0.06226548192900124,6.938893903907228e-18,8.202365521708943e-06,0.19999999999999998,0.6000000000000001,0.19999999999999998
5,-1.0,-1.0,-1.0,-1.0,-0.9999999999999998,-1.0,-1.0,-0.9999999999999998,-1.0,-1.0,-1.0,-1.0,-1.0,-1.0,0.2005816748981601,0.0023923444976077235,0.11368420935775092,0.02435192358300775,0.00026776634826763956,0.033726018981357686,0.007776904948939456,0.001441961067051245,0.0005352341861439847,9.447982616944683e-05,0.03386450210406655,-0.9204260651629073,0.8765789491957736,0.12834718558641678,-0.06834796456289655,-0.17884991403192224,0.002641331675711678,-0.04981173038833786,0.02664418274533098,0.026539307349436103,-0.04612352723274171,-0.050620925778022574,0.002538919073857282,-0.05039551232812667,-0.04160390339319808,0.03463576056174089,0.033735277109143036,-0.39279766333010824,-0.39398679824277405,1.4750824149567767,0.03885442111255699,0.03633309336781154,0.034059366026298,0.031023161313480485,0.04312089653729256,0.045347149887870475,0.04006708734644526,0.03683191608166325,0.04534489696112742,0.06071645081422683,0.27000000087642323,0.19357716324710084,0.240960825001572,0.038949537304800275,0.33483746122632285,0.02973732309589383,0.02868931509290129,1.4750761824470815,0.03242197335028896,0.030244845112031182,-1.0,-0.25506073270365326,-0.36224543670740383,0.2961570633398049,0.37894737024448394,0.040363759880868044,0.03808139571354929,0.02664418274533098,0.026538300380646307,0.06868421090276633,-0.8947166612851146,-0.8662419076627308,-0.8733856830350482,-0.8884210527727479,-0.8929425837624396,-0.8947368421050326,-0.89473684210517,-0.8899033298631962,-0.8941647597485655,-0.8947166612851146,-0.8947122924531598,-0.8062709956819438,-0.8946922224769633,-0.8947126050568992,-0.8947152542764055,-0.8946188423027803,-0.8678268249814565,-0.8755073728896996,-0.8818474755262097,-0.8377192985860098,-0.8747368421601622,-0.8230994172016664,-0.8463157893795714,-0.8643274846006865,0.346032985355331,0.3969298327308999,0.17181985147115464,0.14486974772732014,0.7552631577770962,0.3526315634253262,0.2658051464833768,0.9673675537466001,0.251783501877665,0.02568547157174883,0.19636592302671058,0.16562593116196395,7.645886897278409e-06,-1.0,-1.0,-1.0,-1.0,-1.0,-1.0000000000000002,-0.9999999999999999,-0.9999999999999999,-0.9999999999999999,-0.9999999999999999,-1.0,-1.0,-1.0,-1.0,-0.3416204784868701,0.02965884506608152,0.4717417411589053,0.11856253686856738,0.05281306715063516,-0.043368421887096664,-0.2624428321234013,-0.9736842105263159,0.9581831360902656,0.01713586253002708,0.8605263163341073,0.9751461973780543,-0.25105263273182676,-0.2804276292812765,-0.9473684210526316,-0.9473684210526316,-0.82383041028714,-0.8042362004142003,0.053960659082282536,0.13850415660466742,0.029842647471767125,0.10453216229033524,0.374328673091027,0.23755333894956587,0.046365915431635485,0.13421052327673666,0.0545112770951075,0.17813765739065524,0.0536062353961726,0.16917293028011682,0.8760387987606656,0.9906621413748772,0.8172678904964793,0.2309941406094892,-0.7913727616060513,-0.8752631576437699,-0.8236539639637892,-0.8010526315162056,0.9522311174870497,0.20062200190131696,0.4336545711824117,0.23657895026630504,0.4350328977301965,0.32435740161492976,0.8360324183641966,0.43902439418333955,-1.0,-1.0,-1.0,-1.0,-1.0,-1.0,-1.0,-1.0,8.058854966189188e-05,-6.938893903907228e-18,1.918681993423599e-06,0.026315789473684292,0.9473684210526314,0.026315789473684292
6,-1.0,-1.0,-1.0,-1.0,-0.9999999999999998,-1.0,-1.0,-0.9999999999999999,-1.0,-1.0,-1.0,-1.0,-1.0,-1.0,9.875635365724778e-05,-0.5492592592557471,0.5433333369178901,0.20895521493182312,0.1906951512211994,0.0006232261215963208,0.000633197648122974,0.08751902587519023,0.0008959685543939444,0.17997015076487044,0.00029051408361741027,-0.26883156966858235,0.6149999996026356,-0.20760233787225618,0.24614196347548,0.3045267379205212,0.00016928184847386785,0.00015104065297699698,1.0423045884944138e-05,7.600394211770833e-06,-0.16521355413872907,-0.1654818315683187,0.0003885354749385561,-0.16579326826708057,-0.16573125855980297,0.0021195353423589802,0.0013703403256117852,0.07723313998107917,0.039447599931721866,0.13546803153187476,0.0019421494484131996,0.0012386860877035,0.0020483788947260884,0.001091701208820517,0.0016058380435216568,0.0013700222379802174,0.0013574123814751315,0.0010896315303814408,0.0021440847352980352,0.001190517963504778,0.12555555295613058,0.10075329566854996,-2.220446049250313e-16,0.0017647283272283487,0.1290196052271555,0.0019899533351419585,0.0010550817291489212,0.12736334276616434,0.0017402837568539775,0.0009844016642817088,-0.8888888888888888,0.36226958415125965,0.16420993705041198,0.380070555080295,0.07444444422920532,0.0013542309085204929,0.001119678430685167,1.0423045884944138e-05,7.093763914611806e-06,0.34111111031638275,0.07121046896981831,0.5138888784429296,0.19375942870555096,0.005555555431378978,0.005050504964984048,2.7367635238362276e-05,0.00013558478216912917,0.5340136093124517,0.14734299055257039,0.07121046896981831,0.0688102709335574,0.3049645441928175,0.08325427783718009,0.07833785080450639,0.06877935606436125,0.08464651121197087,0.49903675379657586,0.18591117807176505,0.09637188094404892,0.28703702424572464,0.015555555207861782,0.11419752434877223,0.27555555560522627,0.202469140319831,0.11442785775969655,0.14583333764501183,0.2773728514012713,0.21436587877521834,0.28722222397724795,0.19629628583329006,0.1691668474299453,0.9938734795346645,0.21968649024209458,0.20592149878718624,0.1313492127537212,0.07972379241923794,0.05562127972487152,-1.0,-1.0,-1.0,-1.0,-1.0,-1.0,-1.0,-0.9999999999999999,-0.9999999999999999,-0.9999999999999999,-1.0,-1.0,-1.0,-1.0,-0.7180236033663084,-0.721087142570244,-0.5030267565005492,-0.5346475502920238,-0.6401021711366539,-0.6044444431861242,-0.6791992937496845,-1.0,-1.0,-0.9999999999999999,-1.0,-1.0,-1.0,-0.9999999999999999,-1.0,-1.0,-1.0,-1.0,-1.0,-0.9999999999999999,-1.0,-1.0,-0.9999999999999999,-1.0,-1.0,-0.9999999999999999,-1.0,-0.9999999999999999,-1.0,-1.0,-0.9999999999999999,-1.0,-1.0,-1.0,-1.0,-1.0,-1.0,-1.0,-1.0,-0.9999999999999999,-1.0,-1.0,0.12731481831805358,0.2868216928005306,0.5705128402291836,0.2737127359208193,-1.0,-1.0,-1.0,-1.0,-1.0,-1.0,-1.0,-1.0,0.038915051906403236,-6.938893903907228e-18,0.08681708837401884,0.33333333333333337,0.2777777777777778,0.3888888888888889
7,0.46608527128425004,0.16145833527358855,0.34340658929787227,0.13782051598921408,0.5406976731761695,0.22303921246370506,0.7215447372758933,0.17028985777194938,0.7823529152584194,0.13020832742161792,0.3029411760237253,0.05208333333333326,0.3238636383279443,0.047619048041416034,0.0901883877791696,5.551115123125783e-17,0.23333333432674402,0.16915422364136617,6.341402054022005e-07,0.5520035877611864,0.37351876978742654,0.0,0.0001692843812449163,0.000548453679322547,0.552071491726664,-1.0,-1.0,-1.0,-1.0,-1.0,-1.0,-1.0,-1.0,-0.9999999999999999,-0.9999999999999999,-1.0,-1.0,-1.0,-1.0,-1.0,-1.0,-1.0,-1.0,-1.0,-1.0,-1.0,-1.0,-1.0,-1.0,-1.0,-1.0,-1.0,-1.0,-1.0,-1.0,-1.0,-1.0,-1.0,-1.0,-1.0,-1.0,-0.9999999999999998,-0.9999999999999999,-0.9999999999999999,-1.0,-1.0,-1.0,-1.0,-1.0,-1.0,-1.0,-1.0,-1.0,-0.9999999999999999,0.00017370175782094321,0.2927510449803338,0.23879984335124527,0.046666665623585346,0.12689394112573749,6.192713009056661e-11,4.913103257564444e-11,0.21768707620047467,0.13043478002657882,0.00017370175782094321,3.39923757142202e-07,0.08865248282461502,0.000256888541182998,0.0001757714175155689,2.5495310168599516e-06,3.6825441792176505e-05,0.2767137164035034,0.22011569422878874,0.10374149454929016,0.47222220626901235,0.1749999988824129,0.6574073683148562,0.0,-1.1102230246251565e-16,-1.0,-0.9999999999999999,-0.9999999999999999,-1.0,-1.0,-0.9999999999999999,-1.0,-0.9999999999999999,-1.0,-1.0,-0.9999999999999998,-1.0,-0.9999999999999999,0.5833333333333334,0.46666666666666645,0.4166666666666665,0.3124999999999999,0.6319444444444443,0.9999999999999998,0.7291666666666666,0.6388888888888887,0.9999999999999999,0.7083333333333334,0.14166666666666672,0.1597222222222221,0.1597222222222222,0.06249999999999989,0.0005581796929953198,7.969445628563943e-05,0.2781194949206869,0.7419354859491878,0.0030651340996167287,0.32666666507720943,0.08677705355819043,1.1102230246251565e-16,-1.0,-1.0,-1.0,-1.0,-1.0,-1.0,-1.0,-1.0,-1.0,-1.0,-1.0,-1.0,-1.0,-1.0,-1.0,-1.0,-1.0,-1.0,-1.0,-1.0,-1.0,-1.0,-1.0,-1.0,-1.0,-1.0,-1.0,-1.0,-1.0,-1.0,-1.0,-1.0,-1.0,-1.0,-1.0,-1.0,-1.0,-1.0,-1.0,-1.0,-1.0,-1.0,-1.0,-1.0,-1.0,-1.0,0.027964910342508406,1.3877787807814457e-17,2.4472078202775194e-06,0.4166666666666667,0.16666666666666666,0.4166666666666667
8,0.35319767749111297,0.14062500291038305,-0.5041208833945487,-0.4759615318485969,-1.0,-1.0,-1.0,-1.0,-1.0,-1.0,0.3102941350747147,-2.220446049250313e-16,0.29545456354221533,0.03571428603106208,0.0014328184585828407,0.2627272730072339,0.2850000020116568,0.20522387194042468,8.009678676690335e-05,0.0060353975593116505,0.00461329715061054,0.37671232876712324,0.00019818659267695216,0.00022707250612929997,0.004101932550208409,-0.2428571429909281,-1.0,-1.0,-1.0,-1.0,-1.0,-1.0,-1.0,-0.9999999999999999,-1.0,-1.0,-1.0,-1.0,-1.0,-1.0,-1.0,-1.0,-1.0,-1.0,-1.0,-1.0,-1.0,-1.0,-1.0,-1.0,-1.0,-1.0,-1.0,-1.0,0.03374999994412059,-1.0,0.002389486260453988,0.01493818681318676,-1.0,-1.0,-1.0,-1.0,-0.9999999999999999,-0.9999999999999999,-1.0,-1.0,-1.0,0.2718254009376237,0.2850000043399629,-0.24986102100787055,-0.24991250624392192,-1.0,-1.0,-1.0,0.00016826295522764934,0.3080145931157652,0.25732122008640457,0.062499999068677314,0.09659090904280343,1.0740952571808293e-10,7.415434932767084e-11,0.27040816565082615,0.17934781983706027,0.00016826295522764934,5.9197723384474266e-05,0.311170216012306,0.000240501522157488,0.00017118358392631539,4.257718840505742e-05,0.00019600638194350317,0.2937500069849195,0.23730720286036722,0.12500000142549372,0.6354166386946533,0.19250000081956387,0.6388888492214477,0.22499999962747097,0.12777778037628285,0.2313432802937263,0.3984375092162131,0.15688775013705591,0.44002524632973866,0.35249999724328496,0.6541666439010049,0.14675711466928004,0.993512740479145,0.1545643152971095,0.41841317909590103,0.07886905137812755,0.14971751186502874,1.089630326500668e-05,-1.0,-1.0,-1.0,-1.0,-1.0,-1.0,-1.0,-1.0,-1.0,-1.0,-1.0,-1.0,-1.0,-1.0,-1.0,-1.0,0.25307557016955273,-1.0,0.014655172413793105,-1.0,-1.0,-1.0,-1.0,-1.0,-1.0,-1.0,-1.0,-1.0,-1.0,-1.0,-1.0,-1.0,-1.0,-1.0,-1.0,-1.0,-1.0,-1.0,-1.0,-1.0,-1.0,-1.0,-1.0,-1.0,-1.0,-1.0,-1.0,-1.0,-1.0,-1.0,-1.0,-1.0,-1.0,-1.0,-1.0,-1.0,0.30208333212067373,0.6918604392266198,0.8581730923532741,0.5823170726167028,-1.0,-1.0,-1.0,-1.0,-1.0,-1.0,-1.0,-1.0,0.00018375008041511542,0.0845588235294117,0.0,0.37500000000000006,0.25,0.375
9,-1.0,-1.0,-1.0,-1.0,-1.0,-1.0,-1.0,-1.0,-1.0,-1.0,-1.0,-1.0,-1.0,-1.0,0.020586377226290142,0.003916083919731084,0.015384615040742428,0.0034443167143703435,0.0064284783223037545,0.01856462343084031,0.003339943638451137,0.015806111696522684,0.1711665186619356,0.007673823693874315,0.01862593639781962,-0.5287973137711139,-1.0,-1.0,-1.0,-1.0,-1.0,-1.0,-1.0,-1.0,-1.0,-1.0,-0.8460558324255456,-1.0,-1.0,-1.0,-1.0,-1.0,-1.0,-1.0,-1.0,-1.0,-1.0,-1.0,-1.0,-1.0,-1.0,-1.0,-1.0,-1.0,-0.6838461538920035,-1.0,-0.691664369083724,-0.6653766906170753,-1.0,-1.0,-1.0,-1.0,-1.0,-1.0,-1.0,-1.0,-1.0,-0.6581196574879105,-0.6276923088500134,-0.8459514413786757,-0.8458631126151157,-1.0,-1.0,-1.0,-1.0,-1.0,-1.0,-1.0,-1.0,-1.0,-1.0,-1.0,-1.0,-1.0,-1.0,-1.0,-1.0,-1.0,-1.0,-1.0,-0.9999999999999999,-1.0,-1.0,-1.0,-1.0,-1.0,-1.0,-1.0,0.2192881682114204,0.31410256887857757,0.31890557730983204,0.4141414105919315,0.7269230702748667,0.2948717818173593,0.5543959605188418,0.9935127017253679,0.559633997868308,0.15799171096290332,0.4153846272837118,0.33898305048524363,3.1966052045362403e-06,-1.0,-1.0,-1.0,-1.0,-1.0,-1.0,-1.0,-1.0,-1.0,-1.0,-1.0,-1.0,-1.0,-1.0,-0.6152045417980511,-0.6153815310742579,0.21157224896919524,-0.3440860204120122,-0.09425287356321838,-0.4381538475935276,-0.6042587469930423,-1.0,-0.5416227578325269,-0.7692307692307692,-0.5384615384615384,-0.5384615384615385,-0.9215384615728488,-0.9182692307692307,-1.0,-1.0,-1.0,-1.0,-0.7692307692307692,-0.7692307692307692,-0.7692307692307692,-0.7692307692307693,-0.5463108384223099,-0.6361746377654778,-0.7692307692307693,-0.7692307692307692,-0.7692307692307693,-0.7692307692307692,-0.7692307692307693,-0.7692307692307693,-0.5485829864258503,-0.5417700547449005,-0.5522904084804572,-0.6524216559594398,-1.0,-1.0,-1.0,-1.0,-0.541806016870843,-0.7508227947371581,-0.6803900297854687,-0.759999999919763,0.08092948604145289,0.22003577359560988,0.4600591916908018,0.2457786191159222,-1.0,-1.0,-1.0,-1.0,-1.0,-1.0,-1.0,-1.0,0.0026754447929681763,0.07239819004524886,0.0011951461937284857,0.0,1.0000000000000002,0.0
